RESC0402X13L,PCC-000-000012
RESC0402X13M,PCC-000-000013
RESC0402X13N,PCC-000-000014
RESC0603X23L,PCC-000-000015
RESC0603X23M,PCC-000-000016
RESC0603X23N,PCC-000-000017
RESC0603X26L,PCC-000-000018
RESC0603X26M,PCC-000-000019
RESC0603X26N,PCC-000-000020
RESC1005X35L,PCC-000-000021
RESC1005X35M,PCC-000-000022
RESC1005X35N,PCC-000-000023
RESC1608X45L,PCC-000-000024
RESC1608X45M,PCC-000-000025
RESC1608X45N,PCC-000-000026
RESC2012X55L,PCC-000-000048
RESC2012X55M,PCC-000-000049
RESC2012X55N,PCC-000-000050
RESC2012X60L,PCC-000-000051
RESC2012X60M,PCC-000-000052
RESC2012X60N,PCC-000-000053
RESC3216X55L,PCC-000-000054
RESC3216X55M,PCC-000-000055
RESC3216X55N,PCC-000-000056
INDC1005X50L,PCC-008-000000
INDC1005X50M,PCC-008-000001
INDC1005X50N,PCC-008-000002
INDC1608X80L,PCC-008-000018
INDC1608X80M,PCC-008-000019
INDC1608X80N,PCC-008-000020
INDC3216X160L,PCC-008-000024
INDC3216X160M,PCC-008-000025
INDC3216X160N,PCC-008-000026
